keyword,volume,cpc,competition,keyword_difficulty,intent,source
math solver,7480000,1.66,0.01,0,informational,seed_expansion
math ai,201000,0.8,0.11,0,informational,seed_expansion
math a i,201000,0.8,0.11,0,informational,seed_expansion
microsoft math solver,135000,2.75,0.0,0,informational,seed_expansion
math calculator,110000,0.48,0.04,0,informational,seed_expansion
math problem solver,22200,2.02,0.26,0,informational,seed_expansion
math solver ai,18100,1.33,0.09,0,informational,seed_expansion
google math solver,18100,2.16,0.02,0,informational,seed_expansion
math solver scanner,14800,1.26,0.09,0,informational,seed_expansion
math solver online,12100,1.81,0.02,0,informational,seed_expansion
math solver with steps,12100,1.37,0.05,0,informational,seed_expansion
math solver app,5400,4.07,0.27,0,informational,seed_expansion
math solver free,5400,2.09,0.14,0,informational,seed_expansion
free math solver,5400,2.09,0.14,0,informational,seed_expansion
math solver with solution free,5400,2.09,0.14,0,informational,seed_expansion
math solver with steps app,3600,0.04,0.0,0,informational,seed_expansion
math solver app with steps,3600,0.04,0.0,0,informational,seed_expansion
math ai solver free,2900,1.6,0.16,0,informational,seed_expansion
take a picture math solver,1900,1.81,0.19,0,informational,seed_expansion
math solver with solution app,1900,3.73,0.0,0,informational,seed_expansion
math solver image,1600,1.15,0.07,0,informational,seed_expansion
ai math solver picture,1600,1.49,0.15,0,informational,seed_expansion
math solver with solution,880,2.27,0.02,0,informational,seed_expansion
take a picture math solver online,720,1.03,0.12,0,informational,seed_expansion
ai math solver free no sign up,590,1.43,0.09,0,informational,seed_expansion
math solver ai free,480,1.36,0.15,0,informational,seed_expansion
math solver free app,390,3.79,0.64,0,informational,seed_expansion
math solver app free,170,2.54,0.4,0,informational,seed_expansion
math solver free online,170,1.54,0.1,0,informational,seed_expansion
math solver online free,140,1.21,0.11,0,informational,seed_expansion
math solver scanner google,110,3.09,0.06,0,informational,seed_expansion
math solver scanner free,110,2.12,0.17,0,informational,seed_expansion
microsoft math solver ai,40,5.74,0.19,0,informational,seed_expansion
math solver with steps online,30,1.08,0.07,0,informational,seed_expansion
math solver scanner with steps,20,0.0,0.01,0,informational,seed_expansion
math solver scanner online free,20,0.94,0.13,0,informational,seed_expansion
math solver image online,10,0.04,0.02,0,informational,seed_expansion
math solver with steps ai,10,1.3,0.2,0,informational,seed_expansion
math solver app for android,10,0.0,0.29,0,informational,seed_expansion
math solver app with solution,10,6.84,0.43,0,informational,seed_expansion
math solver with solution online,10,0.0,0.0,0,informational,seed_expansion
